Id,Expected
img0.jpg,nelson_muntz
img1.jpg,bart_simpson
img2.jpg,ned_flanders
img3.jpg,chief_wiggum
img4.jpg,apu_nahasapeemapetilon
img5.jpg,kent_brockman
img6.jpg,edna_krabappel
img7.jpg,chief_wiggum
img8.jpg,lisa_simpson
img9.jpg,kent_brockman
img10.jpg,lenny_leonard
img11.jpg,marge_simpson
img12.jpg,kent_brockman
img13.jpg,ned_flanders
img14.jpg,moe_szyslak
img15.jpg,principal_skinner
img16.jpg,abraham_grampa_simpson
img17.jpg,edna_krabappel
img18.jpg,kent_brockman
img19.jpg,bart_simpson
img20.jpg,marge_simpson
img21.jpg,nelson_muntz
img22.jpg,comic_book_guy
img23.jpg,mayor_quimby
img24.jpg,homer_simpson
img25.jpg,apu_nahasapeemapetilon
img26.jpg,krusty_the_clown
img27.jpg,krusty_the_clown
img28.jpg,ned_flanders
img29.jpg,edna_krabappel
img30.jpg,apu_nahasapeemapetilon
img31.jpg,chief_wiggum
img32.jpg,apu_nahasapeemapetilon
img33.jpg,ned_flanders
img34.jpg,milhouse_van_houten
img35.jpg,abraham_grampa_simpson
img36.jpg,homer_simpson
img37.jpg,sideshow_bob
img38.jpg,lisa_simpson
img39.jpg,charles_montgomery_burns
img40.jpg,chief_wiggum
img41.jpg,kent_brockman
img42.jpg,abraham_grampa_simpson
img43.jpg,milhouse_van_houten
img44.jpg,lenny_leonard
img45.jpg,abraham_grampa_simpson
img46.jpg,nelson_muntz
img47.jpg,comic_book_guy
img48.jpg,chief_wiggum
img49.jpg,nelson_muntz
img50.jpg,mayor_quimby
img51.jpg,bart_simpson
img52.jpg,apu_nahasapeemapetilon
img53.jpg,mayor_quimby
img54.jpg,bart_simpson
img55.jpg,edna_krabappel
img56.jpg,edna_krabappel
img57.jpg,charles_montgomery_burns
img58.jpg,ned_flanders
img59.jpg,chief_wiggum
img60.jpg,homer_simpson
img61.jpg,charles_montgomery_burns
img62.jpg,marge_simpson
img63.jpg,apu_nahasapeemapetilon
img64.jpg,lenny_leonard
img65.jpg,ned_flanders
img66.jpg,comic_book_guy
img67.jpg,kent_brockman
img68.jpg,mayor_quimby
img69.jpg,sideshow_bob
img70.jpg,ned_flanders
img71.jpg,ned_flanders
img72.jpg,comic_book_guy
img73.jpg,charles_montgomery_burns
img74.jpg,edna_krabappel
img75.jpg,bart_simpson
img76.jpg,kent_brockman
img77.jpg,ned_flanders
img78.jpg,krusty_the_clown
img79.jpg,chief_wiggum
img80.jpg,chief_wiggum
img81.jpg,mayor_quimby
img82.jpg,ned_flanders
img83.jpg,krusty_the_clown
img84.jpg,sideshow_bob
img85.jpg,ned_flanders
img86.jpg,chief_wiggum
img87.jpg,nelson_muntz
img88.jpg,abraham_grampa_simpson
img89.jpg,krusty_the_clown
img90.jpg,homer_simpson
img91.jpg,krusty_the_clown
img92.jpg,lisa_simpson
img93.jpg,krusty_the_clown
img94.jpg,mayor_quimby
img95.jpg,lisa_simpson
img96.jpg,fat_tony
img97.jpg,nelson_muntz
img98.jpg,marge_simpson
img99.jpg,bart_simpson
img100.jpg,chief_wiggum
img101.jpg,milhouse_van_houten
img102.jpg,chief_wiggum
img103.jpg,rainier_wolfcastle
img104.jpg,marge_simpson
img105.jpg,lisa_simpson
img106.jpg,apu_nahasapeemapetilon
img107.jpg,charles_montgomery_burns
img108.jpg,marge_simpson
img109.jpg,apu_nahasapeemapetilon
img110.jpg,marge_simpson
img111.jpg,apu_nahasapeemapetilon
img112.jpg,mayor_quimby
img113.jpg,marge_simpson
img114.jpg,edna_krabappel
img115.jpg,homer_simpson
img116.jpg,homer_simpson
img117.jpg,bart_simpson
img118.jpg,principal_skinner
img119.jpg,edna_krabappel
img120.jpg,milhouse_van_houten
img121.jpg,moe_szyslak
img122.jpg,lenny_leonard
img123.jpg,moe_szyslak
img124.jpg,principal_skinner
img125.jpg,homer_simpson
img126.jpg,lenny_leonard
img127.jpg,lisa_simpson
img128.jpg,sideshow_bob
img129.jpg,chief_wiggum
img130.jpg,apu_nahasapeemapetilon
img131.jpg,mayor_quimby
img132.jpg,charles_montgomery_burns
img133.jpg,mayor_quimby
img134.jpg,kent_brockman
img135.jpg,moe_szyslak
img136.jpg,homer_simpson
img137.jpg,lisa_simpson
img138.jpg,milhouse_van_houten
img139.jpg,apu_nahasapeemapetilon
img140.jpg,mayor_quimby
img141.jpg,charles_montgomery_burns
img142.jpg,lisa_simpson
img143.jpg,bart_simpson
img144.jpg,kent_brockman
img145.jpg,lisa_simpson
img146.jpg,chief_wiggum
img147.jpg,moe_szyslak
img148.jpg,sideshow_bob
img149.jpg,lisa_simpson
img150.jpg,edna_krabappel
img151.jpg,krusty_the_clown
img152.jpg,kent_brockman
img153.jpg,homer_simpson
img154.jpg,charles_montgomery_burns
img155.jpg,lenny_leonard
img156.jpg,nelson_muntz
img157.jpg,chief_wiggum
img158.jpg,barney_gumble
img159.jpg,mayor_quimby
img160.jpg,homer_simpson
img161.jpg,nelson_muntz
img162.jpg,marge_simpson
img163.jpg,lisa_simpson
img164.jpg,homer_simpson
img165.jpg,charles_montgomery_burns
img166.jpg,homer_simpson
img167.jpg,marge_simpson
img168.jpg,apu_nahasapeemapetilon
img169.jpg,nelson_muntz
img170.jpg,mayor_quimby
img171.jpg,bart_simpson
img172.jpg,apu_nahasapeemapetilon
img173.jpg,homer_simpson
img174.jpg,lenny_leonard
img175.jpg,milhouse_van_houten
img176.jpg,krusty_the_clown
img177.jpg,abraham_grampa_simpson
img178.jpg,lisa_simpson
img179.jpg,abraham_grampa_simpson
img180.jpg,chief_wiggum
img181.jpg,homer_simpson
img182.jpg,homer_simpson
img183.jpg,krusty_the_clown
img184.jpg,ned_flanders
img185.jpg,lenny_leonard
img186.jpg,homer_simpson
img187.jpg,moe_szyslak
img188.jpg,sideshow_bob
img189.jpg,chief_wiggum
img190.jpg,edna_krabappel
img191.jpg,lisa_simpson
img192.jpg,apu_nahasapeemapetilon
img193.jpg,nelson_muntz
img194.jpg,bart_simpson
img195.jpg,charles_montgomery_burns
img196.jpg,principal_skinner
img197.jpg,mayor_quimby
img198.jpg,chief_wiggum
img199.jpg,bart_simpson
img200.jpg,abraham_grampa_simpson
img201.jpg,homer_simpson
img202.jpg,nelson_muntz
img203.jpg,abraham_grampa_simpson
img204.jpg,marge_simpson
img205.jpg,chief_wiggum
img206.jpg,lenny_leonard
img207.jpg,ned_flanders
img208.jpg,moe_szyslak
img209.jpg,marge_simpson
img210.jpg,marge_simpson
img211.jpg,kent_brockman
img212.jpg,moe_szyslak
img213.jpg,charles_montgomery_burns
img214.jpg,comic_book_guy
img215.jpg,apu_nahasapeemapetilon
img216.jpg,bart_simpson
img217.jpg,edna_krabappel
img218.jpg,principal_skinner
img219.jpg,ned_flanders
img220.jpg,comic_book_guy
img221.jpg,moe_szyslak
img222.jpg,krusty_the_clown
img223.jpg,nelson_muntz
img224.jpg,krusty_the_clown
img225.jpg,milhouse_van_houten
img226.jpg,marge_simpson
img227.jpg,bart_simpson
img228.jpg,krusty_the_clown
img229.jpg,edna_krabappel
img230.jpg,moe_szyslak
img231.jpg,marge_simpson
img232.jpg,apu_nahasapeemapetilon
img233.jpg,sideshow_bob
img234.jpg,homer_simpson
img235.jpg,comic_book_guy
img236.jpg,edna_krabappel
img237.jpg,lisa_simpson
img238.jpg,kent_brockman
img239.jpg,milhouse_van_houten
img240.jpg,apu_nahasapeemapetilon
img241.jpg,moe_szyslak
img242.jpg,apu_nahasapeemapetilon
img243.jpg,edna_krabappel
img244.jpg,krusty_the_clown
img245.jpg,comic_book_guy
img246.jpg,charles_montgomery_burns
img247.jpg,nelson_muntz
img248.jpg,charles_montgomery_burns
img249.jpg,bart_simpson
img250.jpg,nelson_muntz
img251.jpg,nelson_muntz
img252.jpg,moe_szyslak
img253.jpg,moe_szyslak
img254.jpg,charles_montgomery_burns
img255.jpg,edna_krabappel
img256.jpg,ned_flanders
img257.jpg,marge_simpson
img258.jpg,apu_nahasapeemapetilon
img259.jpg,milhouse_van_houten
img260.jpg,moe_szyslak
img261.jpg,moe_szyslak
img262.jpg,comic_book_guy
img263.jpg,principal_skinner
img264.jpg,marge_simpson
img265.jpg,krusty_the_clown
img266.jpg,ned_flanders
img267.jpg,principal_skinner
img268.jpg,edna_krabappel
img269.jpg,marge_simpson
img270.jpg,bart_simpson
img271.jpg,lisa_simpson
img272.jpg,kent_brockman
img273.jpg,mayor_quimby
img274.jpg,comic_book_guy
img275.jpg,maggie_simpson
img276.jpg,chief_wiggum
img277.jpg,charles_montgomery_burns
img278.jpg,sideshow_bob
img279.jpg,sideshow_bob
img280.jpg,principal_skinner
img281.jpg,homer_simpson
img282.jpg,krusty_the_clown
img283.jpg,homer_simpson
img284.jpg,abraham_grampa_simpson
img285.jpg,principal_skinner
img286.jpg,homer_simpson
img287.jpg,edna_krabappel
img288.jpg,charles_montgomery_burns
img289.jpg,krusty_the_clown
img290.jpg,chief_wiggum
img291.jpg,moe_szyslak
img292.jpg,lenny_leonard
img293.jpg,ned_flanders
img294.jpg,chief_wiggum
img295.jpg,abraham_grampa_simpson
img296.jpg,lisa_simpson
img297.jpg,lenny_leonard
img298.jpg,sideshow_bob
img299.jpg,sideshow_bob
img300.jpg,homer_simpson
img301.jpg,moe_szyslak
img302.jpg,lenny_leonard
img303.jpg,nelson_muntz
img304.jpg,lenny_leonard
img305.jpg,lenny_leonard
img306.jpg,kent_brockman
img307.jpg,abraham_grampa_simpson
img308.jpg,nelson_muntz
img309.jpg,ned_flanders
img310.jpg,kent_brockman
img311.jpg,bart_simpson
img312.jpg,moe_szyslak
img313.jpg,principal_skinner
img314.jpg,sideshow_bob
img315.jpg,lisa_simpson
img316.jpg,principal_skinner
img317.jpg,sideshow_bob
img318.jpg,bart_simpson
img319.jpg,bart_simpson
img320.jpg,bart_simpson
img321.jpg,marge_simpson
img322.jpg,principal_skinner
img323.jpg,moe_szyslak
img324.jpg,lisa_simpson
img325.jpg,apu_nahasapeemapetilon
img326.jpg,principal_skinner
img327.jpg,abraham_grampa_simpson
img328.jpg,lenny_leonard
img329.jpg,charles_montgomery_burns
img330.jpg,lenny_leonard
img331.jpg,edna_krabappel
img332.jpg,mayor_quimby
img333.jpg,bart_simpson
img334.jpg,lisa_simpson
img335.jpg,moe_szyslak
img336.jpg,abraham_grampa_simpson
img337.jpg,chief_wiggum
img338.jpg,krusty_the_clown
img339.jpg,milhouse_van_houten
img340.jpg,bart_simpson
img341.jpg,principal_skinner
img342.jpg,edna_krabappel
img343.jpg,comic_book_guy
img344.jpg,comic_book_guy
img345.jpg,kent_brockman
img346.jpg,nelson_muntz
img347.jpg,principal_skinner
img348.jpg,kent_brockman
img349.jpg,chief_wiggum
img350.jpg,nelson_muntz
img351.jpg,milhouse_van_houten
img352.jpg,sideshow_bob
img353.jpg,mayor_quimby
img354.jpg,lenny_leonard
img355.jpg,bart_simpson
img356.jpg,lenny_leonard
img357.jpg,comic_book_guy
img358.jpg,principal_skinner
img359.jpg,bart_simpson
img360.jpg,milhouse_van_houten
img361.jpg,maggie_simpson
img362.jpg,homer_simpson
img363.jpg,abraham_grampa_simpson
img364.jpg,marge_simpson
img365.jpg,mayor_quimby
img366.jpg,marge_simpson
img367.jpg,kent_brockman
img368.jpg,mayor_quimby
img369.jpg,homer_simpson
img370.jpg,krusty_the_clown
img371.jpg,krusty_the_clown
img372.jpg,milhouse_van_houten
img373.jpg,lisa_simpson
img374.jpg,ned_flanders
img375.jpg,lisa_simpson
img376.jpg,principal_skinner
img377.jpg,krusty_the_clown
img378.jpg,lenny_leonard
img379.jpg,edna_krabappel
img380.jpg,sideshow_bob
img381.jpg,marge_simpson
img382.jpg,comic_book_guy
img383.jpg,apu_nahasapeemapetilon
img384.jpg,chief_wiggum
img385.jpg,lisa_simpson
img386.jpg,milhouse_van_houten
img387.jpg,comic_book_guy
img388.jpg,mayor_quimby
img389.jpg,sideshow_bob
img390.jpg,edna_krabappel
img391.jpg,sideshow_bob
img392.jpg,abraham_grampa_simpson
img393.jpg,edna_krabappel
img394.jpg,comic_book_guy
img395.jpg,moe_szyslak
img396.jpg,ned_flanders
img397.jpg,moe_szyslak
img398.jpg,ned_flanders
img399.jpg,mayor_quimby
img400.jpg,ned_flanders
img401.jpg,krusty_the_clown
img402.jpg,edna_krabappel
img403.jpg,charles_montgomery_burns
img404.jpg,nelson_muntz
img405.jpg,principal_skinner
img406.jpg,edna_krabappel
img407.jpg,lenny_leonard
img408.jpg,milhouse_van_houten
img409.jpg,kent_brockman
img410.jpg,sideshow_bob
img411.jpg,principal_skinner
img412.jpg,principal_skinner
img413.jpg,principal_skinner
img414.jpg,homer_simpson
img415.jpg,homer_simpson
img416.jpg,sideshow_bob
img417.jpg,milhouse_van_houten
img418.jpg,bart_simpson
img419.jpg,moe_szyslak
img420.jpg,lisa_simpson
img421.jpg,charles_montgomery_burns
img422.jpg,apu_nahasapeemapetilon
img423.jpg,mayor_quimby
img424.jpg,milhouse_van_houten
img425.jpg,charles_montgomery_burns
img426.jpg,comic_book_guy
img427.jpg,homer_simpson
img428.jpg,marge_simpson
img429.jpg,principal_skinner
img430.jpg,charles_montgomery_burns
img431.jpg,krusty_the_clown
img432.jpg,homer_simpson
img433.jpg,abraham_grampa_simpson
img434.jpg,milhouse_van_houten
img435.jpg,lisa_simpson
img436.jpg,moe_szyslak
img437.jpg,lisa_simpson
img438.jpg,principal_skinner
img439.jpg,kent_brockman
img440.jpg,nelson_muntz
img441.jpg,comic_book_guy
img442.jpg,milhouse_van_houten
img443.jpg,charles_montgomery_burns
img444.jpg,comic_book_guy
img445.jpg,principal_skinner
img446.jpg,lisa_simpson
img447.jpg,abraham_grampa_simpson
img448.jpg,edna_krabappel
img449.jpg,ned_flanders
img450.jpg,krusty_the_clown
img451.jpg,bart_simpson
img452.jpg,lisa_simpson
img453.jpg,lenny_leonard
img454.jpg,homer_simpson
img455.jpg,apu_nahasapeemapetilon
img456.jpg,comic_book_guy
img457.jpg,comic_book_guy
img458.jpg,bart_simpson
img459.jpg,marge_simpson
img460.jpg,charles_montgomery_burns
img461.jpg,bart_simpson
img462.jpg,chief_wiggum
img463.jpg,lisa_simpson
img464.jpg,moe_szyslak
img465.jpg,krusty_the_clown
img466.jpg,krusty_the_clown
img467.jpg,milhouse_van_houten
img468.jpg,milhouse_van_houten
img469.jpg,kent_brockman
img470.jpg,edna_krabappel
img471.jpg,lisa_simpson
img472.jpg,principal_skinner
img473.jpg,bart_simpson
img474.jpg,abraham_grampa_simpson
img475.jpg,milhouse_van_houten
img476.jpg,chief_wiggum
img477.jpg,apu_nahasapeemapetilon
img478.jpg,charles_montgomery_burns
img479.jpg,krusty_the_clown
img480.jpg,ned_flanders
img481.jpg,comic_book_guy
img482.jpg,homer_simpson
img483.jpg,bart_simpson
img484.jpg,abraham_grampa_simpson
img485.jpg,lenny_leonard
img486.jpg,ned_flanders
img487.jpg,chief_wiggum
img488.jpg,mayor_quimby
img489.jpg,moe_szyslak
img490.jpg,milhouse_van_houten
img491.jpg,lisa_simpson
img492.jpg,homer_simpson
img493.jpg,nelson_muntz
img494.jpg,abraham_grampa_simpson
img495.jpg,principal_skinner
img496.jpg,nelson_muntz
img497.jpg,kent_brockman
img498.jpg,krusty_the_clown
img499.jpg,homer_simpson
img500.jpg,marge_simpson
img501.jpg,sideshow_bob
img502.jpg,lisa_simpson
img503.jpg,lenny_leonard
img504.jpg,milhouse_van_houten
img505.jpg,krusty_the_clown
img506.jpg,apu_nahasapeemapetilon
img507.jpg,mayor_quimby
img508.jpg,chief_wiggum
img509.jpg,bart_simpson
img510.jpg,marge_simpson
img511.jpg,milhouse_van_houten
img512.jpg,nelson_muntz
img513.jpg,mayor_quimby
img514.jpg,krusty_the_clown
img515.jpg,kent_brockman
img516.jpg,moe_szyslak
img517.jpg,apu_nahasapeemapetilon
img518.jpg,mayor_quimby
img519.jpg,sideshow_bob
img520.jpg,mayor_quimby
img521.jpg,principal_skinner
img522.jpg,bart_simpson
img523.jpg,lisa_simpson
img524.jpg,apu_nahasapeemapetilon
img525.jpg,nelson_muntz
img526.jpg,abraham_grampa_simpson
img527.jpg,ned_flanders
img528.jpg,moe_szyslak
img529.jpg,abraham_grampa_simpson
img530.jpg,kent_brockman
img531.jpg,abraham_grampa_simpson
img532.jpg,moe_szyslak
img533.jpg,comic_book_guy
img534.jpg,kent_brockman
img535.jpg,krusty_the_clown
img536.jpg,chief_wiggum
img537.jpg,homer_simpson
img538.jpg,maggie_simpson
img539.jpg,lenny_leonard
img540.jpg,apu_nahasapeemapetilon
img541.jpg,comic_book_guy
img542.jpg,apu_nahasapeemapetilon
img543.jpg,abraham_grampa_simpson
img544.jpg,moe_szyslak
img545.jpg,lisa_simpson
img546.jpg,moe_szyslak
img547.jpg,chief_wiggum
img548.jpg,ned_flanders
img549.jpg,principal_skinner
img550.jpg,kent_brockman
img551.jpg,ned_flanders
img552.jpg,milhouse_van_houten
img553.jpg,comic_book_guy
img554.jpg,krusty_the_clown
img555.jpg,bart_simpson
img556.jpg,krusty_the_clown
img557.jpg,bart_simpson
img558.jpg,chief_wiggum
img559.jpg,apu_nahasapeemapetilon
img560.jpg,moe_szyslak
img561.jpg,homer_simpson
img562.jpg,principal_skinner
img563.jpg,comic_book_guy
img564.jpg,abraham_grampa_simpson
img565.jpg,homer_simpson
img566.jpg,apu_nahasapeemapetilon
img567.jpg,bart_simpson
img568.jpg,chief_wiggum
img569.jpg,chief_wiggum
img570.jpg,moe_szyslak
img571.jpg,marge_simpson
img572.jpg,homer_simpson
img573.jpg,mayor_quimby
img574.jpg,lisa_simpson
img575.jpg,charles_montgomery_burns
img576.jpg,charles_montgomery_burns
img577.jpg,ned_flanders
img578.jpg,sideshow_bob
img579.jpg,chief_wiggum
img580.jpg,krusty_the_clown
img581.jpg,bart_simpson
img582.jpg,marge_simpson
img583.jpg,ned_flanders
img584.jpg,mayor_quimby
img585.jpg,mayor_quimby
img586.jpg,nelson_muntz
img587.jpg,abraham_grampa_simpson
img588.jpg,ned_flanders
img589.jpg,lenny_leonard
img590.jpg,abraham_grampa_simpson
img591.jpg,bart_simpson
img592.jpg,mayor_quimby
img593.jpg,lenny_leonard
img594.jpg,abraham_grampa_simpson
img595.jpg,ned_flanders
img596.jpg,sideshow_bob
img597.jpg,lisa_simpson
img598.jpg,homer_simpson
img599.jpg,lisa_simpson
img600.jpg,homer_simpson
img601.jpg,principal_skinner
img602.jpg,ned_flanders
img603.jpg,nelson_muntz
img604.jpg,moe_szyslak
img605.jpg,chief_wiggum
img606.jpg,apu_nahasapeemapetilon
img607.jpg,sideshow_bob
img608.jpg,chief_wiggum
img609.jpg,marge_simpson
img610.jpg,krusty_the_clown
img611.jpg,marge_simpson
img612.jpg,abraham_grampa_simpson
img613.jpg,sideshow_bob
img614.jpg,lenny_leonard
img615.jpg,lenny_leonard
img616.jpg,charles_montgomery_burns
img617.jpg,kent_brockman
img618.jpg,principal_skinner
img619.jpg,ned_flanders
img620.jpg,lisa_simpson
img621.jpg,lenny_leonard
img622.jpg,charles_montgomery_burns
img623.jpg,principal_skinner
img624.jpg,nelson_muntz
img625.jpg,edna_krabappel
img626.jpg,principal_skinner
img627.jpg,chief_wiggum
img628.jpg,abraham_grampa_simpson
img629.jpg,edna_krabappel
img630.jpg,sideshow_bob
img631.jpg,moe_szyslak
img632.jpg,comic_book_guy
img633.jpg,moe_szyslak
img634.jpg,milhouse_van_houten
img635.jpg,charles_montgomery_burns
img636.jpg,kent_brockman
img637.jpg,milhouse_van_houten
img638.jpg,homer_simpson
img639.jpg,nelson_muntz
img640.jpg,charles_montgomery_burns
img641.jpg,moe_szyslak
img642.jpg,nelson_muntz
img643.jpg,ned_flanders
img644.jpg,nelson_muntz
img645.jpg,mayor_quimby
img646.jpg,kent_brockman
img647.jpg,apu_nahasapeemapetilon
img648.jpg,homer_simpson
img649.jpg,groundskeeper_willie
img650.jpg,homer_simpson
img651.jpg,nelson_muntz
img652.jpg,lenny_leonard
img653.jpg,homer_simpson
img654.jpg,moe_szyslak
img655.jpg,homer_simpson
img656.jpg,milhouse_van_houten
img657.jpg,kent_brockman
img658.jpg,nelson_muntz
img659.jpg,charles_montgomery_burns
img660.jpg,milhouse_van_houten
img661.jpg,milhouse_van_houten
img662.jpg,principal_skinner
img663.jpg,kent_brockman
img664.jpg,krusty_the_clown
img665.jpg,milhouse_van_houten
img666.jpg,bart_simpson
img667.jpg,apu_nahasapeemapetilon
img668.jpg,abraham_grampa_simpson
img669.jpg,abraham_grampa_simpson
img670.jpg,kent_brockman
img671.jpg,apu_nahasapeemapetilon
img672.jpg,comic_book_guy
img673.jpg,mayor_quimby
img674.jpg,moe_szyslak
img675.jpg,kent_brockman
img676.jpg,milhouse_van_houten
img677.jpg,apu_nahasapeemapetilon
img678.jpg,marge_simpson
img679.jpg,lisa_simpson
img680.jpg,moe_szyslak
img681.jpg,lenny_leonard
img682.jpg,lenny_leonard
img683.jpg,milhouse_van_houten
img684.jpg,charles_montgomery_burns
img685.jpg,edna_krabappel
img686.jpg,mayor_quimby
img687.jpg,moe_szyslak
img688.jpg,apu_nahasapeemapetilon
img689.jpg,principal_skinner
img690.jpg,kent_brockman
img691.jpg,lenny_leonard
img692.jpg,edna_krabappel
img693.jpg,mayor_quimby
img694.jpg,homer_simpson
img695.jpg,chief_wiggum
img696.jpg,krusty_the_clown
img697.jpg,lenny_leonard
img698.jpg,abraham_grampa_simpson
img699.jpg,charles_montgomery_burns
img700.jpg,bart_simpson
img701.jpg,kent_brockman
img702.jpg,apu_nahasapeemapetilon
img703.jpg,apu_nahasapeemapetilon
img704.jpg,sideshow_bob
img705.jpg,edna_krabappel
img706.jpg,charles_montgomery_burns
img707.jpg,comic_book_guy
img708.jpg,sideshow_bob
img709.jpg,charles_montgomery_burns
img710.jpg,chief_wiggum
img711.jpg,bart_simpson
img712.jpg,abraham_grampa_simpson
img713.jpg,abraham_grampa_simpson
img714.jpg,mayor_quimby
img715.jpg,edna_krabappel
img716.jpg,ned_flanders
img717.jpg,abraham_grampa_simpson
img718.jpg,lenny_leonard
img719.jpg,lisa_simpson
img720.jpg,milhouse_van_houten
img721.jpg,mayor_quimby
img722.jpg,apu_nahasapeemapetilon
img723.jpg,bart_simpson
img724.jpg,mayor_quimby
img725.jpg,sideshow_bob
img726.jpg,sideshow_bob
img727.jpg,principal_skinner
img728.jpg,chief_wiggum
img729.jpg,charles_montgomery_burns
img730.jpg,comic_book_guy
img731.jpg,chief_wiggum
img732.jpg,krusty_the_clown
img733.jpg,marge_simpson
img734.jpg,ned_flanders
img735.jpg,principal_skinner
img736.jpg,kent_brockman
img737.jpg,moe_szyslak
img738.jpg,lisa_simpson
img739.jpg,chief_wiggum
img740.jpg,ned_flanders
img741.jpg,bart_simpson
img742.jpg,lisa_simpson
img743.jpg,marge_simpson
img744.jpg,moe_szyslak
img745.jpg,edna_krabappel
img746.jpg,abraham_grampa_simpson
img747.jpg,bart_simpson
img748.jpg,comic_book_guy
img749.jpg,abraham_grampa_simpson
img750.jpg,lisa_simpson
img751.jpg,milhouse_van_houten
img752.jpg,nelson_muntz
img753.jpg,kent_brockman
img754.jpg,principal_skinner
img755.jpg,kent_brockman
img756.jpg,charles_montgomery_burns
img757.jpg,milhouse_van_houten
img758.jpg,principal_skinner
img759.jpg,lisa_simpson
img760.jpg,mayor_quimby
img761.jpg,chief_wiggum
img762.jpg,milhouse_van_houten
img763.jpg,ned_flanders
img764.jpg,principal_skinner
img765.jpg,kent_brockman
img766.jpg,edna_krabappel
img767.jpg,mayor_quimby
img768.jpg,comic_book_guy
img769.jpg,charles_montgomery_burns
img770.jpg,chief_wiggum
img771.jpg,homer_simpson
img772.jpg,sideshow_bob
img773.jpg,ned_flanders
img774.jpg,nelson_muntz
img775.jpg,moe_szyslak
img776.jpg,principal_skinner
img777.jpg,sideshow_bob
img778.jpg,principal_skinner
img779.jpg,milhouse_van_houten
img780.jpg,abraham_grampa_simpson
img781.jpg,charles_montgomery_burns
img782.jpg,chief_wiggum
img783.jpg,milhouse_van_houten
img784.jpg,edna_krabappel
img785.jpg,moe_szyslak
img786.jpg,milhouse_van_houten
img787.jpg,moe_szyslak
img788.jpg,principal_skinner
img789.jpg,edna_krabappel
img790.jpg,principal_skinner
img791.jpg,lisa_simpson
img792.jpg,comic_book_guy
img793.jpg,apu_nahasapeemapetilon
img794.jpg,edna_krabappel
img795.jpg,nelson_muntz
img796.jpg,comic_book_guy
img797.jpg,marge_simpson
img798.jpg,apu_nahasapeemapetilon
img799.jpg,homer_simpson
img800.jpg,milhouse_van_houten
img801.jpg,lisa_simpson
img802.jpg,edna_krabappel
img803.jpg,moe_szyslak
img804.jpg,marge_simpson
img805.jpg,ned_flanders
img806.jpg,homer_simpson
img807.jpg,comic_book_guy
img808.jpg,apu_nahasapeemapetilon
img809.jpg,comic_book_guy
img810.jpg,homer_simpson
img811.jpg,sideshow_bob
img812.jpg,bart_simpson
img813.jpg,abraham_grampa_simpson
img814.jpg,chief_wiggum
img815.jpg,nelson_muntz
img816.jpg,charles_montgomery_burns
img817.jpg,edna_krabappel
img818.jpg,homer_simpson
img819.jpg,edna_krabappel
img820.jpg,bart_simpson
img821.jpg,moe_szyslak
img822.jpg,charles_montgomery_burns
img823.jpg,chief_wiggum
img824.jpg,lisa_simpson
img825.jpg,abraham_grampa_simpson
img826.jpg,ned_flanders
img827.jpg,kent_brockman
img828.jpg,krusty_the_clown
img829.jpg,mayor_quimby
img830.jpg,comic_book_guy
img831.jpg,marge_simpson
img832.jpg,charles_montgomery_burns
img833.jpg,chief_wiggum
img834.jpg,marge_simpson
img835.jpg,sideshow_bob
img836.jpg,ned_flanders
img837.jpg,lisa_simpson
img838.jpg,principal_skinner
img839.jpg,abraham_grampa_simpson
img840.jpg,kent_brockman
img841.jpg,mayor_quimby
img842.jpg,marge_simpson
img843.jpg,sideshow_bob
img844.jpg,marge_simpson
img845.jpg,lisa_simpson
img846.jpg,mayor_quimby
img847.jpg,charles_montgomery_burns
img848.jpg,marge_simpson
img849.jpg,lenny_leonard
img850.jpg,edna_krabappel
img851.jpg,krusty_the_clown
img852.jpg,marge_simpson
img853.jpg,nelson_muntz
img854.jpg,krusty_the_clown
img855.jpg,lisa_simpson
img856.jpg,lisa_simpson
img857.jpg,nelson_muntz
img858.jpg,marge_simpson
img859.jpg,milhouse_van_houten
img860.jpg,comic_book_guy
img861.jpg,charles_montgomery_burns
img862.jpg,homer_simpson
img863.jpg,apu_nahasapeemapetilon
img864.jpg,lenny_leonard
img865.jpg,sideshow_bob
img866.jpg,abraham_grampa_simpson
img867.jpg,chief_wiggum
img868.jpg,lisa_simpson
img869.jpg,lisa_simpson
img870.jpg,kent_brockman
img871.jpg,homer_simpson
img872.jpg,marge_simpson
img873.jpg,bart_simpson
img874.jpg,principal_skinner
img875.jpg,homer_simpson
img876.jpg,charles_montgomery_burns
img877.jpg,principal_skinner
img878.jpg,sideshow_bob
img879.jpg,ned_flanders
img880.jpg,charles_montgomery_burns
img881.jpg,krusty_the_clown
img882.jpg,bart_simpson
img883.jpg,sideshow_bob
img884.jpg,principal_skinner
img885.jpg,abraham_grampa_simpson
img886.jpg,milhouse_van_houten
img887.jpg,moe_szyslak
img888.jpg,ned_flanders
img889.jpg,comic_book_guy
img890.jpg,nelson_muntz
img891.jpg,marge_simpson
img892.jpg,apu_nahasapeemapetilon
img893.jpg,moe_szyslak
img894.jpg,charles_montgomery_burns
img895.jpg,nelson_muntz
img896.jpg,comic_book_guy
img897.jpg,principal_skinner
img898.jpg,ned_flanders
img899.jpg,moe_szyslak
img900.jpg,sideshow_bob
img901.jpg,ned_flanders
img902.jpg,moe_szyslak
img903.jpg,chief_wiggum
img904.jpg,mayor_quimby
img905.jpg,lisa_simpson
img906.jpg,bart_simpson
img907.jpg,marge_simpson
img908.jpg,mayor_quimby
img909.jpg,apu_nahasapeemapetilon
img910.jpg,krusty_the_clown
img911.jpg,sideshow_bob
img912.jpg,charles_montgomery_burns
img913.jpg,moe_szyslak
img914.jpg,lenny_leonard
img915.jpg,charles_montgomery_burns
img916.jpg,comic_book_guy
img917.jpg,lisa_simpson
img918.jpg,krusty_the_clown
img919.jpg,comic_book_guy
img920.jpg,mayor_quimby
img921.jpg,kent_brockman
img922.jpg,sideshow_bob
img923.jpg,bart_simpson
img924.jpg,principal_skinner
img925.jpg,ned_flanders
img926.jpg,edna_krabappel
img927.jpg,edna_krabappel
img928.jpg,moe_szyslak
img929.jpg,kent_brockman
img930.jpg,milhouse_van_houten
img931.jpg,edna_krabappel
img932.jpg,bart_simpson
img933.jpg,milhouse_van_houten
img934.jpg,lisa_simpson
img935.jpg,kent_brockman
img936.jpg,lenny_leonard
img937.jpg,principal_skinner
img938.jpg,lenny_leonard
img939.jpg,edna_krabappel
img940.jpg,homer_simpson
img941.jpg,ned_flanders
img942.jpg,sideshow_bob
img943.jpg,comic_book_guy
img944.jpg,comic_book_guy
img945.jpg,chief_wiggum
img946.jpg,lenny_leonard
img947.jpg,abraham_grampa_simpson
img948.jpg,marge_simpson
img949.jpg,sideshow_bob
img950.jpg,ned_flanders
img951.jpg,mayor_quimby
img952.jpg,homer_simpson
img953.jpg,moe_szyslak
img954.jpg,apu_nahasapeemapetilon
img955.jpg,nelson_muntz
img956.jpg,principal_skinner
img957.jpg,milhouse_van_houten
img958.jpg,marge_simpson
img959.jpg,krusty_the_clown
img960.jpg,moe_szyslak
img961.jpg,marge_simpson
img962.jpg,moe_szyslak
img963.jpg,nelson_muntz
img964.jpg,milhouse_van_houten
img965.jpg,edna_krabappel
img966.jpg,milhouse_van_houten
img967.jpg,krusty_the_clown
img968.jpg,ned_flanders
img969.jpg,nelson_muntz
img970.jpg,homer_simpson
img971.jpg,mayor_quimby
img972.jpg,nelson_muntz
img973.jpg,sideshow_bob
img974.jpg,bart_simpson
img975.jpg,mayor_quimby
img976.jpg,homer_simpson
img977.jpg,ned_flanders
img978.jpg,charles_montgomery_burns
img979.jpg,krusty_the_clown
img980.jpg,lisa_simpson
img981.jpg,principal_skinner
img982.jpg,lisa_simpson
img983.jpg,apu_nahasapeemapetilon
img984.jpg,marge_simpson
img985.jpg,lisa_simpson
img986.jpg,nelson_muntz
img987.jpg,ned_flanders
img988.jpg,charles_montgomery_burns
img989.jpg,chief_wiggum
img990.jpg,krusty_the_clown
